ID;Annots;g1;g10;g11;g15;g17;g18;g19;g20;g23;g25;g26;g28;g29;g30;g33;g34;g38;g43;g45;g46;g47;g48;g49;g51;g53;g56;g57;g58;g59;g60;g61;g62;g63;g65;g68;g69;g70;g72;g73;g74;g77;g78;g80;g81;g82;g84;g85;g86;g89;g90;g92;g93;g97;g98;g99
1;0;0;0;0;0;0;1;1;0;0;0;0;0;1;0;0;0;0;0;0;0;0;0;0;1;1;0;1;1;0;1;1;1;0;1;0;1;1;0;0;1;1;1;1;1;1;1;1;1;1;1;1;1;1;1;1
2;0;1;0;0;1;0;0;0;1;0;0;0;0;0;0;0;0;0;0;1;0;0;0;0;1;1;1;1;1;1;1;1;1;1;1;0;1;1;1;1;1;1;1;1;1;1;0;1;1;1;1;1;0;1;1;0
3;0;0;0;0;0;0;0;0;0;0;0;0;0;0;0;0;0;0;0;0;1;0;1;0;1;1;1;1;0;1;1;1;1;0;1;1;1;0;1;1;1;1;1;1;1;0;1;1;1;1;1;1;1;1;1;0
4;0;0;0;0;0;0;1;0;1;0;0;0;0;0;0;0;1;0;0;0;1;0;0;0;1;1;0;1;0;1;1;1;1;1;1;1;1;1;1;1;1;1;1;1;1;1;0;1;1;1;1;1;1;1;1;1
6;0;0;0;0;1;0;0;0;0;0;0;0;0;0;0;0;0;0;0;0;0;1;0;1;1;1;1;1;0;1;1;1;0;1;1;1;1;1;1;0;1;1;1;0;1;1;1;1;1;1;1;1;1;1;1;1
7;0;0;0;0;0;1;0;0;0;0;0;1;0;0;0;0;0;0;0;0;0;0;0;0;1;1;1;1;1;1;1;1;0;1;1;1;1;1;0;0;1;1;1;1;1;1;1;1;1;1;1;1;1;1;1;0
8;0;0;0;1;0;0;0;0;0;0;0;0;0;0;0;1;0;1;0;0;0;0;0;0;1;1;1;1;1;1;1;0;0;1;1;1;1;1;1;1;1;1;1;1;1;0;1;0;1;1;1;1;1;1;0;1
9;0;0;0;0;0;0;1;0;0;1;0;0;0;0;0;0;0;0;1;0;0;0;0;0;1;1;0;1;1;1;1;0;1;1;0;1;1;1;1;0;1;1;1;0;1;1;1;1;1;1;1;1;1;1;1;1
10;0;0;1;0;1;0;1;0;1;0;0;0;0;0;0;0;0;0;0;0;0;0;0;0;1;0;1;1;1;1;1;1;1;1;1;1;1;1;1;1;1;1;1;0;0;1;1;0;1;1;0;0;1;1;1;1
11;0;0;0;0;0;0;0;0;0;0;0;0;1;0;0;0;0;0;0;0;0;0;1;0;1;1;1;0;0;0;1;1;1;1;1;0;1;1;1;1;0;1;0;1;1;1;1;1;1;1;1;1;1;1;1;1
12;0;1;0;0;0;1;0;0;1;0;0;0;0;0;0;0;0;0;1;0;0;0;0;0;0;1;1;1;0;1;1;1;1;1;1;1;1;1;1;1;1;1;1;1;1;1;0;1;1;1;1;1;1;1;1;1
13;0;0;0;0;1;0;0;0;0;1;0;1;0;0;0;0;0;0;0;1;0;0;0;0;1;1;1;1;0;1;1;1;0;1;0;0;0;1;1;0;0;1;0;1;1;1;1;1;1;1;1;1;0;1;1;1
14;0;0;1;0;0;0;0;0;0;1;0;0;0;0;0;0;0;0;0;1;0;0;0;0;0;1;1;1;1;1;1;1;0;1;1;1;1;1;1;1;1;0;1;1;1;1;0;1;1;1;1;1;1;1;1;1
15;0;0;0;0;0;0;0;0;0;0;0;0;0;1;0;0;0;0;0;0;0;0;0;0;0;1;0;0;1;1;1;1;0;1;1;1;1;1;1;1;1;1;1;1;1;1;1;1;1;1;1;1;1;1;1;0
16;0;0;0;0;0;0;0;0;0;0;0;0;0;0;0;0;0;0;0;0;0;0;0;0;1;1;1;1;0;1;1;1;1;1;1;1;0;0;1;1;0;1;0;1;1;1;1;0;1;1;1;1;1;1;0;1
17;0;0;0;0;0;0;0;0;0;0;0;0;0;0;1;0;0;0;0;1;0;0;0;0;1;1;1;1;0;1;1;1;1;1;1;0;1;1;1;0;1;1;1;0;1;1;1;1;1;1;0;1;1;1;1;1
18;0;0;0;0;1;0;0;0;0;1;0;0;0;0;0;1;0;1;0;0;0;0;0;0;1;1;1;1;1;0;1;1;1;1;1;1;1;1;1;1;1;1;0;1;1;1;1;1;1;1;1;1;1;1;1;0
19;0;0;0;0;0;0;0;0;0;0;1;0;0;0;0;0;0;0;1;0;0;0;0;0;1;1;1;1;0;1;1;1;1;1;1;1;1;1;1;0;1;1;0;1;1;1;1;1;1;1;1;1;1;1;1;0
20;0;0;0;0;1;0;1;0;0;0;0;0;0;0;0;0;0;1;0;0;0;1;0;0;1;0;1;0;1;1;1;1;1;1;1;1;1;1;1;0;1;1;1;1;0;0;1;0;1;0;1;1;1;1;1;1
21;0;0;0;0;0;0;1;1;1;1;0;1;1;0;0;0;1;0;1;1;1;1;0;0;1;1;1;1;1;1;1;1;1;1;1;1;1;1;1;1;1;1;0;1;1;1;1;1;1;1;1;1;1;1;0;1
22;0;0;0;0;0;0;0;0;0;1;0;0;0;0;0;0;0;0;0;0;0;0;0;0;1;1;1;0;0;1;1;1;1;1;1;0;0;0;0;1;1;1;1;1;1;1;1;1;1;1;1;1;1;1;1;1
25;0;0;0;0;0;1;0;0;0;0;0;0;0;1;0;1;0;0;1;0;1;0;0;0;1;1;1;0;0;1;0;1;1;0;1;1;1;1;1;1;0;1;1;1;1;1;1;1;1;1;1;0;1;1;1;1
26;0;0;0;0;0;0;0;0;0;0;0;1;1;0;1;0;0;0;0;0;1;0;0;0;1;0;1;0;0;0;1;0;0;1;1;0;1;1;1;1;1;1;1;1;1;1;1;1;1;1;0;1;1;1;1;1
28;0;0;0;1;0;0;1;0;0;1;0;0;0;0;0;0;0;1;0;0;0;0;0;0;1;1;1;1;1;1;1;1;0;1;1;1;1;1;0;1;0;1;0;1;1;1;1;1;1;1;1;1;1;0;1;0
29;0;0;0;1;0;0;0;0;0;0;0;1;0;0;0;0;0;1;0;0;0;0;0;0;1;1;1;1;0;1;1;1;0;1;1;1;1;1;1;1;1;1;1;1;1;1;1;1;1;1;0;1;1;1;1;1
31;0;1;0;0;0;0;0;0;1;0;0;0;0;0;0;0;0;0;0;0;0;0;0;0;1;1;1;1;0;1;0;1;0;0;1;1;0;1;1;1;1;1;1;0;0;1;1;1;1;0;1;1;1;1;1;1
33;0;0;0;0;0;0;0;0;0;0;1;1;0;0;0;0;0;0;0;0;0;1;0;0;1;1;1;0;1;1;1;1;1;1;0;1;1;1;1;1;1;0;1;1;1;1;0;1;1;1;1;0;1;1;0;1
34;0;0;0;0;0;0;0;0;0;0;0;0;0;0;0;0;0;0;0;0;0;0;0;0;1;1;1;1;1;0;1;1;1;0;1;1;0;0;1;1;0;1;0;1;1;1;1;1;1;1;0;1;1;1;1;1
35;0;0;0;0;0;0;1;0;1;0;0;0;0;0;0;0;0;0;0;0;1;0;0;0;1;1;1;1;0;1;1;1;1;1;1;0;1;1;0;1;1;1;1;1;1;1;1;1;1;1;1;1;1;1;1;1
36;0;0;0;0;0;0;0;0;1;0;1;0;0;0;0;0;0;0;1;0;1;0;0;0;1;1;1;1;1;1;1;1;1;1;0;0;0;0;1;1;1;1;1;1;1;1;1;0;1;1;0;1;1;1;1;1
37;0;0;0;0;1;0;1;0;1;0;0;0;1;1;0;1;1;0;0;0;0;0;0;0;1;1;1;1;1;1;0;0;1;1;1;1;1;1;1;1;1;1;1;0;1;1;1;1;1;1;1;1;1;1;1;0
38;0;0;1;0;1;0;0;0;0;0;0;0;0;0;0;0;0;0;0;0;0;0;1;0;0;1;0;1;0;0;1;0;1;1;0;0;1;1;0;1;1;1;0;0;1;1;0;1;1;1;1;1;1;1;1;1
39;0;0;0;0;0;1;0;0;0;1;0;0;0;0;0;0;0;0;0;0;0;0;0;0;1;1;1;0;1;1;0;1;1;1;1;1;1;1;1;1;0;1;1;1;1;1;1;1;1;1;1;1;1;0;1;1
41;0;0;0;0;0;0;0;0;0;0;0;0;1;0;0;0;0;0;0;0;0;0;0;0;0;1;1;1;1;1;1;1;0;1;0;1;1;1;1;1;0;0;1;1;1;0;1;1;1;1;1;1;1;1;1;1
42;0;0;0;0;0;0;0;0;0;0;1;0;0;0;0;0;0;0;0;0;0;1;0;1;1;0;1;0;1;1;0;1;1;1;1;1;0;1;0;1;1;0;1;1;1;1;0;0;0;1;1;1;1;1;1;1
43;0;1;1;0;0;0;0;0;0;0;0;0;0;0;0;0;0;0;0;0;1;0;0;0;0;1;1;1;0;1;1;1;1;1;1;1;1;1;1;1;0;1;0;1;1;1;0;0;1;1;1;1;1;1;1;1
44;0;0;0;0;0;1;0;0;1;0;0;0;0;0;0;0;0;0;0;0;0;0;0;0;1;1;1;1;1;0;1;1;1;1;0;1;1;1;0;1;1;1;1;1;1;0;1;0;1;1;1;1;1;1;1;1
45;0;0;1;0;1;0;0;0;0;0;0;0;0;0;1;0;1;0;0;0;0;0;0;0;1;1;1;1;0;1;1;1;1;1;0;1;1;1;1;1;1;1;0;1;1;1;1;1;1;1;1;1;1;1;1;1
46;0;0;0;0;0;1;0;0;0;0;0;0;0;0;0;0;0;0;0;0;0;0;0;0;1;1;1;0;0;1;1;0;0;1;1;1;1;1;0;1;1;1;1;1;0;1;1;1;0;1;1;1;1;1;1;1
47;0;0;0;0;0;0;0;0;0;0;0;1;0;0;0;1;1;0;0;1;0;0;0;0;1;1;1;1;0;1;1;1;1;1;1;1;0;1;1;1;1;1;1;1;1;1;0;1;1;1;1;1;1;1;1;1
49;0;0;0;0;1;0;0;0;1;0;0;1;0;0;0;0;0;0;0;0;0;0;0;0;1;1;1;1;1;1;0;1;1;1;0;1;0;1;1;1;1;1;1;1;1;1;1;0;1;0;1;1;1;0;1;1
51;0;0;0;1;0;1;0;0;0;0;0;1;0;0;0;0;0;0;0;0;0;0;0;0;1;1;1;1;1;1;1;1;1;1;1;1;1;1;1;1;1;1;1;0;1;0;1;1;1;1;1;0;1;0;1;0
52;0;0;0;0;0;0;1;0;0;0;1;0;1;0;0;0;0;0;1;0;0;0;0;0;1;1;1;1;1;1;1;1;1;1;1;0;0;1;0;1;1;1;0;1;1;1;1;1;1;1;1;0;1;1;1;1
53;0;0;0;1;0;0;0;0;0;0;0;0;0;0;0;0;0;0;0;0;0;0;0;0;1;1;1;1;1;1;1;1;1;1;1;0;1;1;1;1;0;1;1;0;1;1;1;1;1;1;1;1;1;1;1;0
54;0;0;0;1;0;0;0;0;0;0;0;0;0;0;0;0;0;1;0;0;0;1;0;0;1;1;1;1;1;0;1;1;1;1;1;1;1;1;1;0;1;1;0;1;1;1;1;1;1;1;0;1;1;1;1;1
55;0;0;0;0;0;0;0;0;1;0;0;0;0;0;0;0;0;1;0;0;0;0;0;0;1;1;1;1;0;0;0;1;1;1;1;1;1;0;1;1;1;1;1;0;1;0;1;1;1;1;1;1;1;1;1;1
57;0;0;1;0;0;1;0;0;0;0;0;0;1;0;0;0;0;1;0;0;0;0;0;0;1;1;1;1;1;0;1;1;1;1;1;1;1;1;1;1;1;1;0;1;1;1;1;1;0;1;1;1;1;1;1;1
58;0;0;0;0;0;1;0;0;1;0;0;0;0;0;0;0;0;0;0;0;0;0;0;0;1;1;1;1;1;1;1;1;1;1;1;1;1;0;1;1;1;1;1;0;1;1;0;1;0;1;1;1;1;1;1;1
59;0;0;0;0;0;0;1;0;0;0;0;0;0;0;0;0;0;0;0;0;0;0;0;0;1;1;1;1;0;1;1;1;0;0;1;1;1;0;1;0;1;1;0;1;1;1;0;1;1;1;1;1;1;1;1;1
60;0;1;0;0;0;0;1;1;0;0;0;0;0;0;0;1;0;0;0;0;0;0;0;0;1;1;1;0;1;0;1;1;1;1;1;1;1;1;1;1;0;1;1;1;1;1;1;1;1;1;0;1;1;1;1;1
61;0;0;0;0;0;0;0;1;1;0;0;0;1;0;0;0;0;0;0;0;0;0;1;0;1;1;1;1;1;1;1;1;1;1;1;1;1;1;1;1;1;1;1;1;1;1;1;0;1;1;1;1;1;1;1;1
63;0;1;0;1;0;1;1;0;1;0;0;0;0;0;0;0;0;0;0;0;0;0;0;1;1;1;1;1;1;1;0;1;1;1;1;1;1;1;1;1;1;1;1;1;1;1;1;0;1;1;1;1;1;1;1;1
64;0;0;0;0;0;0;0;0;0;0;0;0;1;0;0;0;0;0;0;0;0;0;0;0;0;1;1;1;1;1;1;0;1;1;1;1;1;1;1;1;1;1;1;0;1;1;1;1;1;1;1;1;1;1;1;1
65;0;0;0;0;0;0;1;0;0;1;0;1;0;0;0;0;0;0;0;0;0;0;0;0;1;0;1;1;0;0;1;0;1;1;1;1;1;1;1;1;1;0;1;1;1;1;1;1;1;1;1;1;1;1;1;0
66;0;0;0;0;0;0;1;0;1;1;0;0;0;0;1;0;0;0;0;0;0;0;0;0;1;1;1;1;1;1;1;1;1;0;1;1;0;1;1;1;1;1;0;1;1;1;0;1;1;1;1;1;1;1;1;1
68;0;0;1;0;0;0;0;0;0;0;0;0;0;0;0;0;0;0;0;0;0;1;0;0;1;0;1;1;0;0;1;1;1;1;1;0;1;0;1;0;1;1;1;1;0;1;0;1;1;1;1;1;1;1;1;0
70;0;0;0;0;0;1;0;0;0;0;0;1;0;0;0;0;0;0;0;0;0;0;0;0;1;1;1;0;0;1;1;1;1;0;1;0;1;1;1;1;1;1;1;1;1;1;1;1;1;1;1;1;1;0;1;1
72;0;0;0;0;0;1;0;0;0;0;0;0;0;0;0;0;0;0;0;0;1;0;0;0;1;1;1;1;1;1;1;1;0;1;1;1;1;0;1;1;0;1;1;1;1;1;1;1;1;1;1;1;1;1;1;1
73;0;0;1;0;0;0;0;0;0;0;0;0;0;1;0;0;0;0;0;0;1;0;1;0;1;1;1;1;0;0;1;1;1;1;0;1;1;1;1;0;1;1;1;0;1;1;1;0;1;1;1;1;1;1;1;0
74;0;0;0;0;0;1;0;0;0;0;0;0;0;0;0;0;0;0;0;0;0;0;0;0;1;1;1;1;1;0;1;0;1;1;1;1;1;1;1;1;1;1;1;1;1;1;0;1;1;1;1;1;1;1;1;0
75;0;0;0;0;1;0;0;0;1;0;1;0;0;0;0;1;0;1;0;0;0;0;0;0;0;1;1;1;1;1;1;1;1;1;0;1;1;1;1;1;0;1;0;1;1;1;0;1;1;1;1;1;0;1;1;1
76;0;0;1;0;0;0;0;0;1;0;0;0;0;0;1;0;1;0;1;0;0;0;0;0;1;1;1;0;1;1;1;1;1;1;1;1;1;1;1;1;1;1;1;1;1;0;1;1;1;1;1;1;0;1;1;0
77;0;0;0;0;0;1;0;1;0;0;1;0;0;0;1;0;0;0;0;0;0;1;0;0;1;1;1;1;1;0;1;1;1;1;0;0;1;1;1;1;1;1;1;0;1;0;1;0;1;1;1;1;1;1;1;1
78;0;0;0;0;0;0;0;0;0;0;1;0;0;0;0;0;0;0;0;0;0;0;0;0;0;1;1;0;0;1;1;1;1;1;1;1;0;1;1;1;1;0;1;1;1;1;1;1;1;1;1;1;1;1;1;0
79;0;0;0;0;1;0;0;0;0;0;0;0;0;0;1;0;0;0;0;0;0;0;0;0;1;1;1;1;1;1;1;1;0;1;0;1;1;1;0;1;1;1;1;1;1;1;1;1;1;1;1;1;0;1;1;0
83;0;1;0;0;0;0;0;0;0;0;0;0;0;0;1;0;0;0;0;0;0;0;0;0;1;1;1;1;0;1;1;0;0;1;0;1;1;1;1;0;1;1;0;1;0;1;1;1;1;1;1;1;1;1;1;1
85;0;0;0;0;1;1;0;1;0;0;0;0;0;0;0;0;0;0;0;0;0;0;0;0;1;1;1;1;1;1;1;1;1;1;1;1;1;1;1;1;1;1;1;1;1;1;1;1;1;1;1;1;1;1;1;1
86;0;0;0;0;0;0;1;0;0;0;0;0;0;1;1;0;0;0;1;0;0;0;0;0;1;1;1;0;1;0;1;0;1;1;1;1;0;1;1;1;1;1;1;0;1;1;1;0;1;1;1;1;0;1;1;1
87;0;0;0;0;0;1;0;0;0;0;0;0;0;0;0;0;0;0;0;0;1;0;0;0;1;1;1;1;1;1;1;0;1;1;1;1;1;1;1;1;1;0;0;1;1;1;1;0;1;1;0;1;1;1;1;1
88;0;0;1;0;1;0;0;0;0;0;0;0;0;0;1;0;0;0;0;0;0;0;0;0;0;1;1;1;0;1;1;0;0;1;1;1;1;1;1;1;1;1;1;0;1;1;1;1;1;1;0;0;1;1;1;1
89;0;0;1;0;1;0;0;1;0;0;0;0;0;0;1;0;0;0;0;0;1;0;0;0;0;1;1;1;1;1;1;1;0;1;1;1;1;1;1;1;1;1;1;1;1;1;1;1;1;1;1;0;1;1;1;1
90;0;0;0;0;0;1;0;0;1;0;0;0;0;0;0;0;0;0;0;0;0;1;0;0;1;1;1;1;0;0;1;1;0;1;1;1;1;0;1;1;1;1;1;1;1;1;1;1;1;1;1;0;1;0;1;1
91;0;0;0;0;0;0;0;1;1;0;0;1;0;0;0;0;0;0;0;0;0;0;0;0;0;1;1;1;1;1;1;0;1;1;1;0;0;1;1;0;1;1;1;1;1;1;1;1;1;1;1;1;1;0;1;1
93;0;0;0;0;0;0;0;0;0;0;0;0;0;0;0;1;0;0;0;0;0;1;0;0;1;1;1;1;1;0;1;1;1;1;0;1;1;1;1;0;1;1;1;1;1;0;1;0;1;1;1;1;1;1;1;1
95;0;0;1;0;0;1;0;0;0;1;0;0;0;0;1;0;0;0;0;0;0;1;0;0;0;1;1;1;0;1;0;0;0;1;0;1;1;1;1;1;1;1;1;1;1;1;0;0;1;1;1;1;1;0;1;1
96;0;0;0;0;0;0;0;0;0;0;0;0;0;0;1;1;0;0;0;0;1;1;0;0;1;0;1;1;0;0;1;1;1;0;1;1;1;1;1;1;1;1;0;0;1;0;1;1;1;0;1;1;1;0;1;1
97;0;1;0;0;0;0;0;0;1;1;0;0;0;0;0;0;0;0;0;0;0;0;0;0;1;1;1;1;1;1;1;1;1;0;1;1;1;1;1;1;1;1;1;1;1;1;1;1;1;1;1;0;1;0;1;0
98;0;0;0;0;0;0;1;0;1;0;0;0;1;0;0;1;1;0;0;0;0;0;0;0;1;1;1;1;1;1;1;1;1;1;1;1;0;1;1;1;0;1;1;1;1;1;0;1;1;0;1;1;1;1;1;0
99;0;0;0;0;0;0;0;0;0;0;0;0;0;0;0;0;1;0;0;0;0;0;0;0;1;1;1;1;1;1;1;1;1;1;0;1;1;1;1;1;1;1;1;1;1;0;0;1;1;1;1;1;1;1;1;1
100;0;0;0;0;0;0;0;0;1;0;0;0;0;0;0;0;0;0;0;0;1;1;1;0;1;1;1;1;1;1;1;1;1;1;1;1;1;0;0;1;1;1;1;1;1;1;0;1;1;1;1;0;0;1;1;1
102;1;1;1;1;0;1;1;1;0;1;1;1;0;1;0;0;1;1;1;1;0;1;1;1;0;1;0;0;0;0;0;0;1;0;1;0;0;0;0;1;0;1;0;0;0;0;0;0;0;0;0;0;1;0;0;0
103;1;1;0;0;1;1;1;1;1;1;1;0;0;1;1;0;1;1;1;1;1;1;0;1;0;0;0;0;0;0;1;0;0;0;0;0;0;0;0;0;1;0;0;0;0;0;0;0;0;0;0;0;0;0;0;0
104;1;1;0;1;1;0;1;0;0;1;1;1;1;0;1;1;1;1;1;0;0;1;0;1;0;0;0;0;0;0;0;0;0;0;0;0;0;1;0;0;0;0;0;1;0;0;0;1;0;0;0;0;0;0;1;0
106;1;1;1;1;1;1;1;1;1;0;1;1;1;1;1;0;1;0;1;1;1;0;1;1;0;0;0;1;0;0;0;1;0;0;0;0;0;0;0;0;1;0;0;0;1;1;0;0;0;0;0;0;0;0;1;0
107;1;1;0;1;1;1;0;1;1;1;0;1;1;1;1;1;1;1;0;1;0;1;1;1;0;0;1;1;0;0;0;0;0;0;0;0;0;0;0;0;0;0;0;0;0;1;0;0;0;0;1;0;0;1;0;0
108;1;0;1;1;1;1;1;1;1;1;1;1;1;1;1;1;1;0;1;1;1;1;1;1;0;0;1;0;0;0;0;0;0;0;0;0;0;0;0;0;0;1;1;0;0;0;1;0;0;0;0;1;0;1;0;1
109;1;1;1;1;0;1;0;1;1;1;1;1;1;1;1;0;1;1;1;1;1;1;1;1;0;0;0;0;0;1;0;0;0;0;1;0;0;0;0;1;0;0;0;0;0;0;0;0;0;0;0;0;0;0;0;0
110;1;1;1;1;1;1;1;1;1;1;1;1;1;1;1;0;1;0;1;1;1;1;1;0;0;0;0;0;0;1;0;0;0;1;1;1;0;0;0;1;0;0;0;1;0;0;0;0;0;0;0;0;0;0;0;0
111;1;1;1;1;1;1;1;1;1;1;1;1;1;1;1;0;1;1;0;0;0;1;1;1;0;0;0;1;0;0;0;0;0;0;0;0;0;0;0;0;1;0;0;1;0;1;0;1;0;0;0;0;0;0;0;0
112;1;1;1;1;1;1;0;1;1;1;1;1;1;1;1;1;1;1;1;1;1;1;1;1;0;0;0;0;0;0;0;0;0;0;0;1;0;0;0;1;0;0;0;1;0;1;0;0;0;0;1;1;0;0;0;0
113;1;1;1;1;1;0;0;1;1;1;1;1;1;0;1;0;1;0;1;1;1;1;1;1;0;0;0;1;0;0;0;1;0;0;0;0;0;0;0;0;1;0;0;0;0;1;0;0;0;1;0;0;0;0;0;0
114;1;1;1;1;1;1;0;1;0;1;1;1;1;1;1;1;1;0;0;1;1;1;1;1;0;0;0;0;0;1;0;0;0;0;0;0;0;0;0;0;0;1;0;0;0;0;1;1;1;0;1;0;0;0;0;0
116;1;1;0;1;0;0;1;1;1;1;1;0;0;0;0;1;1;0;1;1;1;1;1;0;1;0;0;1;0;0;0;0;0;0;0;0;0;0;0;0;1;0;0;0;0;0;0;0;0;1;1;1;0;0;0;0
117;1;1;1;1;0;1;1;1;1;1;1;1;0;1;1;1;0;1;1;1;1;1;1;1;1;0;0;0;0;0;0;0;0;0;0;1;0;0;0;1;1;1;0;0;0;0;0;0;0;0;0;0;0;0;0;0
121;1;1;0;0;0;1;1;1;1;0;0;1;1;1;1;0;1;1;1;0;1;1;0;1;0;0;0;0;0;0;0;0;1;0;0;1;0;0;0;0;0;0;0;0;0;0;0;1;0;0;1;0;0;1;0;0
122;1;0;0;1;1;0;0;0;1;1;1;1;0;1;1;0;1;1;1;1;0;1;1;1;0;0;0;0;0;0;0;0;0;0;0;0;0;0;0;0;0;0;0;0;0;1;0;1;0;0;0;1;0;0;0;0
123;1;1;1;1;1;1;1;0;1;1;1;0;1;1;1;1;1;0;1;1;1;1;0;1;0;0;0;0;0;0;0;0;0;0;0;0;0;0;0;1;0;0;0;0;0;0;0;0;0;0;0;1;0;0;0;1
124;1;1;1;1;1;1;1;1;1;1;1;1;1;1;0;1;1;0;1;1;0;1;1;1;0;0;1;1;0;0;0;0;0;0;0;0;0;0;0;0;0;0;0;0;0;0;0;0;0;0;1;0;0;0;0;1
125;1;1;1;1;1;0;1;1;1;0;1;0;1;1;1;1;0;1;1;1;0;1;1;1;0;0;0;0;1;0;0;0;0;0;0;0;1;0;0;1;0;0;0;0;0;1;0;0;0;0;0;0;0;0;0;1
126;1;1;0;1;1;1;1;1;1;1;1;1;1;0;0;1;0;1;0;0;1;1;1;0;1;0;0;0;0;1;0;1;0;0;1;0;0;0;0;0;0;0;0;0;0;0;0;0;0;0;0;0;0;0;1;0
127;1;1;1;1;1;1;1;1;0;1;1;1;1;0;1;0;1;0;1;0;1;1;1;1;0;1;0;0;0;0;1;0;0;0;0;0;0;0;0;0;0;0;0;1;0;0;0;0;0;0;0;0;0;0;0;1
129;1;1;1;1;1;1;0;1;1;1;1;1;0;1;1;1;1;1;1;1;0;1;1;1;0;1;0;0;0;0;0;0;0;0;0;1;0;0;0;0;1;0;0;0;0;0;0;0;0;0;1;1;0;0;0;0
131;1;1;1;1;1;0;1;1;1;1;1;1;0;1;1;1;1;0;1;1;0;1;1;1;0;0;0;0;0;0;1;0;1;0;0;0;0;0;0;0;0;0;0;0;1;1;0;0;0;0;0;0;0;0;0;1
132;1;1;0;1;1;0;0;1;0;0;1;1;1;1;1;1;1;1;0;0;1;0;1;1;0;0;0;0;0;0;0;0;0;0;1;0;0;1;0;0;1;0;0;0;0;0;0;0;0;0;0;1;0;0;0;1
133;1;0;1;1;1;1;1;1;1;0;1;1;1;1;1;1;1;1;1;0;1;1;1;1;0;0;0;0;0;0;0;0;0;0;0;1;0;0;0;0;0;0;0;0;0;0;0;1;0;0;1;0;0;0;0;0
134;1;1;0;1;1;0;1;1;1;0;1;0;1;1;1;0;1;1;1;0;1;0;1;1;0;0;0;0;1;0;0;0;0;0;0;0;0;0;0;1;0;0;0;0;0;0;0;0;0;0;0;0;0;0;0;1
135;1;1;1;1;1;1;1;1;1;1;1;1;1;1;1;0;1;1;0;1;1;1;1;1;0;0;0;1;0;0;0;0;0;0;0;0;0;0;0;0;0;0;0;1;0;0;0;0;0;0;1;1;0;0;0;0
136;1;1;1;1;1;1;1;1;1;1;1;1;1;1;1;1;1;1;1;1;0;1;1;1;0;0;0;0;0;0;0;0;0;0;0;0;0;0;0;1;0;0;0;0;0;0;0;1;1;0;0;0;0;0;0;0
137;1;0;1;1;1;0;1;1;1;1;1;1;1;1;1;0;1;0;0;0;1;1;1;1;0;0;0;0;0;0;0;0;0;0;0;0;0;0;0;1;0;0;0;0;0;0;0;0;0;0;0;0;0;0;0;0
138;1;1;0;1;0;0;0;1;1;1;1;0;1;1;1;1;1;0;1;0;1;0;0;0;0;1;0;0;0;0;0;1;0;0;0;0;0;0;0;0;0;0;0;0;0;1;0;1;0;0;0;0;0;0;0;0
139;1;0;1;1;1;1;1;1;1;1;1;1;1;1;1;1;1;1;1;1;1;1;1;1;0;0;0;0;0;0;0;0;0;0;1;0;0;0;0;0;0;0;1;0;0;1;0;1;0;0;0;0;1;1;0;0
140;1;1;0;1;1;0;1;1;0;1;1;0;1;1;1;1;1;1;0;1;1;1;1;1;0;1;0;1;0;1;0;0;1;0;0;0;0;0;0;0;0;0;0;0;0;0;0;0;0;0;1;1;1;0;0;1
141;1;1;1;1;0;0;1;1;1;1;1;0;1;1;1;0;0;1;1;0;1;1;1;1;0;0;0;0;0;0;0;1;0;0;0;1;0;0;0;0;0;0;0;0;0;0;0;0;0;0;1;0;0;0;1;0
143;1;1;1;1;1;0;1;1;1;1;1;1;1;1;1;1;1;1;0;1;1;1;1;1;0;0;0;1;0;0;0;0;0;0;0;0;0;0;0;0;0;0;0;0;0;0;0;0;0;0;0;0;0;0;0;0
144;1;1;1;1;1;1;0;1;1;1;1;1;1;1;1;1;1;1;1;1;1;1;0;1;0;0;0;0;1;0;0;0;0;0;0;0;0;0;0;0;0;1;0;1;0;0;0;0;0;0;0;0;0;0;0;0
145;1;1;1;1;1;1;0;1;0;1;0;0;1;1;1;0;1;1;1;1;1;0;1;1;0;0;0;0;0;1;0;1;0;0;0;1;0;0;0;0;0;1;0;0;0;0;0;0;0;0;0;0;0;0;0;0
146;1;0;0;1;1;1;1;1;1;1;1;0;0;0;1;1;1;1;1;1;1;1;1;1;1;0;0;0;0;0;0;0;0;0;0;0;0;0;0;0;0;0;0;0;0;1;0;0;0;0;0;1;0;0;0;0
147;1;0;0;1;0;1;0;1;1;0;1;1;1;1;1;0;1;1;1;1;0;1;1;1;0;0;0;0;0;0;0;0;0;0;0;0;0;0;0;0;0;0;0;0;0;0;0;0;0;0;0;0;0;0;0;1
149;1;1;1;1;1;1;1;1;1;0;1;0;0;1;1;1;1;1;0;1;0;0;1;1;0;0;0;0;0;0;1;0;0;0;0;0;0;0;0;0;0;0;0;1;0;0;0;0;0;0;1;0;0;0;0;0
151;1;0;1;1;0;1;0;1;0;1;1;1;1;1;1;1;1;0;1;0;1;1;1;1;1;0;0;0;0;0;0;0;0;0;0;0;0;0;0;0;0;0;0;0;0;0;0;0;0;0;1;1;0;0;0;1
152;1;1;0;1;1;1;1;1;1;1;1;1;0;1;1;1;1;0;0;1;1;1;1;0;0;0;0;0;0;0;0;1;0;0;0;0;0;0;0;0;0;0;0;0;0;0;0;0;0;0;0;0;0;0;0;0
153;1;1;1;0;0;1;0;1;1;1;1;0;1;1;1;1;1;0;1;1;0;1;1;1;0;0;0;0;0;0;0;0;0;0;0;1;0;0;0;0;0;0;0;0;0;0;0;0;0;0;0;1;0;1;0;0
155;1;1;1;1;1;1;1;1;1;1;1;0;1;1;1;0;1;1;0;1;0;1;1;1;0;0;0;0;0;0;0;0;0;0;0;0;0;0;0;0;1;0;0;0;0;0;0;0;0;1;0;0;0;0;0;1
156;1;1;1;1;1;1;1;1;1;1;1;1;1;1;1;0;1;1;1;1;0;1;0;1;0;0;0;0;0;0;0;0;0;0;0;1;0;0;0;0;0;1;0;0;0;0;0;0;0;0;0;0;0;0;0;0
157;1;1;1;1;0;1;0;1;0;0;1;0;1;1;1;1;1;0;1;1;1;1;1;1;0;0;0;0;0;1;0;0;0;0;1;0;0;0;0;0;1;1;0;0;0;0;0;1;0;0;1;0;1;0;0;1
158;1;1;1;1;0;1;1;1;0;1;1;1;1;1;1;1;1;1;1;1;0;1;1;1;0;0;0;0;0;0;0;0;0;0;0;0;1;0;0;0;0;1;0;0;0;0;0;0;0;0;0;0;0;1;0;0
159;1;1;1;1;1;1;1;1;1;1;1;1;1;1;1;1;0;1;1;1;1;1;0;1;0;0;1;1;0;0;0;0;1;0;0;0;0;0;1;0;0;0;0;0;0;0;1;0;0;0;0;1;0;0;1;0
160;1;1;0;1;1;0;1;1;1;0;1;1;1;1;1;0;1;1;1;1;1;1;1;1;0;1;0;0;0;0;0;1;0;0;0;0;0;0;0;0;0;0;0;0;0;0;0;0;0;0;1;0;0;0;0;0
161;1;1;0;1;1;1;1;1;1;1;1;1;0;1;1;1;1;1;0;1;0;1;1;1;0;0;0;0;0;0;0;0;0;0;0;0;0;0;0;0;0;1;0;0;0;0;0;1;0;0;0;1;0;0;0;0
162;1;1;1;1;1;1;0;1;0;1;1;1;1;0;1;1;1;0;0;1;0;1;1;0;0;0;0;0;0;0;0;0;0;0;0;0;0;1;0;0;0;0;0;0;0;0;0;0;0;0;0;0;0;0;0;0
163;1;1;1;1;0;1;0;1;1;1;1;1;1;1;1;1;1;1;0;0;1;1;1;1;0;0;0;0;0;0;0;0;0;0;0;0;0;0;0;0;0;0;0;0;0;0;0;0;0;0;0;1;0;0;0;0
165;1;1;1;1;1;1;1;1;1;1;1;1;1;0;1;1;1;0;1;0;1;1;1;1;0;1;0;0;0;0;1;0;0;0;0;0;0;0;0;0;1;0;0;0;0;0;0;0;0;0;1;0;0;0;0;0
166;1;1;1;1;1;0;1;1;1;1;1;1;1;1;1;0;1;0;1;1;1;1;0;1;0;0;0;0;0;1;0;0;0;0;0;0;0;1;0;0;1;0;0;0;1;1;0;0;0;0;0;0;0;1;0;1
167;1;1;1;1;1;1;0;1;1;1;1;1;0;1;1;0;1;1;0;1;0;0;1;1;0;0;0;1;0;0;1;1;0;0;0;0;0;1;0;0;0;1;0;0;0;0;0;1;0;0;0;1;0;0;0;0
168;1;1;1;1;1;1;0;1;1;1;1;0;1;1;0;1;1;1;1;1;1;1;0;0;0;0;0;0;0;1;0;0;0;0;0;0;0;0;0;0;0;0;0;0;0;0;0;0;0;0;0;1;0;0;0;0
169;1;1;0;1;1;0;1;1;1;1;1;1;1;1;0;1;1;1;1;1;0;0;1;1;0;0;0;1;0;0;0;0;0;0;0;0;0;0;0;0;0;1;1;0;0;0;0;0;0;0;0;0;0;0;0;0
171;1;1;1;1;0;0;1;1;1;1;1;0;1;1;0;1;1;1;1;1;0;1;1;1;0;0;0;0;0;0;0;0;0;0;0;0;0;0;0;0;1;1;1;0;0;1;1;0;1;0;1;0;0;0;0;1
172;1;1;0;1;1;1;1;0;0;0;1;0;1;1;1;0;1;1;0;1;1;0;1;0;0;0;0;0;0;0;0;0;0;0;0;1;0;0;0;0;1;0;0;0;0;0;0;0;0;0;0;0;0;0;0;0
173;1;1;1;1;1;0;1;1;0;1;1;0;1;1;1;1;1;0;1;0;1;1;1;1;0;0;0;1;1;0;0;0;0;0;0;0;0;0;0;0;0;1;0;0;0;1;0;0;0;0;0;0;0;0;0;0
175;1;0;1;1;1;1;0;1;1;1;1;1;1;1;1;0;1;1;1;1;1;1;1;1;0;0;0;0;0;1;0;0;0;0;0;0;0;0;0;0;0;0;0;0;0;0;0;0;0;0;0;0;0;0;0;0
176;1;0;1;1;0;1;1;1;1;1;1;1;1;1;0;1;1;1;1;1;1;1;1;1;0;0;0;0;0;0;0;1;0;1;0;0;0;0;0;0;0;0;0;1;0;1;1;0;0;0;1;0;0;0;0;1
177;1;1;1;1;0;1;0;1;1;1;1;1;1;1;0;1;1;1;1;1;1;1;1;1;0;0;1;1;0;0;0;0;0;1;0;0;1;0;0;0;0;0;0;0;0;0;0;0;0;0;0;0;1;0;0;0
178;1;1;1;1;1;1;1;0;1;1;1;1;1;1;0;1;0;0;1;0;0;1;1;1;0;0;0;0;0;1;0;1;0;0;0;0;0;0;0;0;1;0;0;0;0;0;0;0;0;0;0;0;0;0;0;0
180;1;0;1;1;1;1;1;1;1;1;1;0;1;1;0;0;1;1;1;0;1;1;1;0;0;0;0;0;0;0;1;0;0;0;0;0;0;0;0;0;1;0;0;0;0;0;0;0;0;0;1;1;0;0;0;0
181;1;1;1;1;0;0;1;1;1;1;1;1;1;1;1;0;0;1;1;0;1;1;1;1;0;0;0;0;0;0;0;0;0;0;0;0;1;0;0;0;0;0;0;0;0;1;0;0;0;0;0;0;0;0;1;0
182;1;1;1;1;1;0;0;1;1;1;1;0;1;1;1;0;1;1;0;1;0;1;0;1;0;0;0;0;0;0;0;0;0;0;0;0;0;0;0;0;0;0;0;0;1;0;0;0;0;0;0;0;0;0;0;0
183;1;1;1;1;1;0;1;1;1;1;1;1;1;1;1;1;1;1;1;1;1;0;0;1;0;0;0;0;0;0;0;0;0;0;0;0;0;0;0;0;1;0;0;0;0;0;0;0;0;0;0;0;0;0;0;0
184;1;1;1;1;1;1;1;1;1;1;1;0;1;1;1;1;1;0;0;1;0;1;1;1;0;1;0;0;0;1;0;1;0;0;0;1;0;0;0;1;0;0;0;0;0;0;0;0;0;0;0;0;0;0;0;1
185;1;0;1;1;1;1;0;1;1;1;1;1;1;1;1;1;1;0;1;1;1;0;1;1;0;1;0;0;0;0;0;0;0;0;1;0;1;0;1;0;0;1;0;1;1;1;0;0;0;0;0;0;0;0;0;0
186;1;1;1;1;1;1;1;1;1;1;1;0;1;1;1;1;1;1;0;1;0;0;1;0;0;1;0;1;1;1;0;0;0;0;0;0;0;0;0;0;0;1;1;0;0;0;0;0;0;0;0;0;1;0;0;1
188;1;1;1;1;1;0;0;1;0;0;0;1;1;1;1;0;1;1;1;1;1;1;1;1;0;0;0;0;0;0;1;0;0;0;0;1;0;0;0;0;0;0;0;0;0;0;0;1;0;0;0;1;0;0;0;0
189;1;1;1;1;1;1;1;1;0;1;1;1;1;1;0;1;1;0;1;1;1;1;0;1;0;0;0;1;0;0;0;0;0;0;1;0;1;0;0;0;0;1;0;0;0;0;0;1;0;0;0;1;0;0;0;0
191;1;1;0;1;1;0;0;1;1;0;1;1;1;1;1;1;1;0;1;0;1;1;1;0;0;0;0;0;0;0;0;1;0;0;0;0;0;0;0;0;0;0;0;1;0;0;0;0;0;0;1;1;0;0;0;0
193;1;1;1;1;1;1;1;1;1;1;1;1;0;1;1;0;1;1;0;1;1;1;1;1;0;0;0;0;0;1;0;0;0;0;1;0;0;0;0;0;0;0;0;0;0;0;0;1;0;0;0;0;0;0;0;0
195;1;0;0;1;0;1;1;1;1;1;1;1;1;1;1;0;1;1;1;0;0;1;1;0;0;1;0;1;0;0;0;1;0;0;0;0;0;0;0;0;0;0;0;0;0;1;0;0;0;0;1;0;1;0;0;0
196;1;1;0;1;1;1;1;1;1;1;1;0;1;1;1;0;1;1;1;1;0;1;1;1;0;0;0;0;0;0;0;0;0;0;0;0;0;0;0;0;1;0;0;1;0;0;0;1;0;0;0;0;0;1;0;0
197;1;1;0;0;1;1;0;1;0;1;1;1;1;1;1;1;1;1;1;1;1;1;1;1;0;0;0;0;0;0;0;0;0;0;0;0;0;0;0;1;0;0;0;0;0;0;0;0;0;0;0;1;0;1;0;0
198;1;1;1;1;0;0;0;1;0;1;1;1;1;1;0;1;1;0;0;0;1;1;1;0;0;1;0;1;0;1;0;0;0;0;0;0;0;0;0;0;0;1;0;0;0;0;0;0;0;0;0;0;0;0;0;0
199;1;1;1;1;1;0;0;1;1;1;1;1;1;1;1;1;0;1;0;1;1;1;1;1;0;0;0;0;1;0;0;0;0;0;0;0;0;0;0;0;0;0;0;0;0;1;0;0;0;0;0;0;0;0;0;1
200;1;1;1;1;1;0;1;1;1;1;1;1;1;1;1;1;1;1;1;0;1;1;1;0;0;0;0;0;0;0;0;0;0;0;0;0;0;0;0;0;1;0;0;0;0;1;0;1;1;0;0;1;0;0;0;0
